lemma	codlem	gen	codmorf	NoLemLat	NoLiLaL	NoLiLaH	NoB	NoO	NoD	LemLatLST	LiLaLST
abdara	N1	f	NpA	2	1	0	0	2	0	43884(129),43883(128)	lemma/1639
abobrica	N1	f	NpA	2	1	0	0	2	0	44004(378),44003(377)	lemma/9101
aborigines	N3B	m	NpC	2	1	0	0	2	0	44018(411),44017(410)	lemma/10248
aborigineus	N2/1	*	Af-	2	1	0	1	1	0	44019(412),152(a0124)	lemma/86960
acanthius	N2/1	*	Af-	2	1	0	1	1	0	44141(718),264(a0222)	lemma/87063
achilleis	N3B	f	NpC	2	1	0	0	2	0	44342(1148),44343(1149)	lemma/855
actaeus	N2/1	*	Af-	2	1	0	1	1	0	44526(1455),506(a0438)	lemma/87299
adonidius	N2/1	*	Af-	2	1	0	1	1	0	44729(2120),841(a0469)	lemma/87334
adonius	N2/1	*	Af-	2	1	0	1	1	0	44733(2127),843(a0649)	lemma/87520
aegeates	N3B	m	NpC	2	1	0	0	2	0	44893(2581),44892(2580)	lemma/5076
aeneas	N1	m	NpA	2	1	0	0	2	0	45027(2770),45028(2771)	lemma/5675
aeolicus	N2/1	*	Af-	2	1	0	1	1	0	45061(2817),1065(a9963)	lemma/91146
aequoreus	N2/1	*	Af-	2	1	0	1	1	0	45102(2938),1122(a0963)	lemma/87871
aeschyleus	N2/1	*	Af-	2	1	0	1	1	0	1173(a3720),45138(3038)	lemma/90921
aeternus	N2/1	*	Af-	2	1	0	1	1	0	1215(a1043),45180(3134)	lemma/87961
agapetus	N2/1	*	Af-	2	1	0	1	1	0	45280(3387),1318(a1129)	lemma/88051
agapomenus	N2	m	NpB	2	1	0	0	2	0	45281(3388),45282(3389)	lemma/7422
agonius	N2/1	*	Af-	2	1	0	1	1	0	1423(a1212),45411(3666)	lemma/88144
alabarches	N1	m	NpA	2	1	0	0	2	0	45521(3863),45520(3862)	lemma/9529
alcaicus	N2/1	*	Af-	2	1	0	1	1	0	45626(4046),1530(a3722)	lemma/90923
alcmanicus	N2/1	*	Af-	2	1	0	1	1	0	45671(4101),1538(a3723)	lemma/90924
alcmanius	N2/1	*	Af-	2	1	0	1	1	0	1539(a3724),45672(4103)	lemma/90925
alcyoneus	N2/1	*	Af-	2	1	0	1	1	0	45683(4115),1543(a2389)	lemma/89478
alexander	N2	m	NpB	2	1	0	0	2	0	45734(4186),45735(4187)	lemma/10328
algidus	N2/1	*	Af-	2	1	0	1	1	0	45767(4226),1565(a1340)	lemma/88301
alsius	N2/1	*	Af-	2	1	0	1	1	0	45876(4578),1743(a1477)	lemma/88450
amara	N1	f	NpA	2	1	0	0	2	0	45968(4810),45969(4811)	lemma/12381
amardus	N2	m	NpB	2	1	0	0	2	0	45979(4826),45978(4825)	lemma/12434
amazon	N3B	f	NpC	2	1	0	0	2	0	46026(4908),46027(4909)	lemma/12959
ambitrebius	N2/1	*	Af-	2	1	0	1	1	0	46059(4987),1914(a8630)	lemma/91014
ambrosialis	N3A	*	Af-	2	1	0	1	1	0	46079(5022),1923(a1638)	lemma/88630
amoenus	N2/1	*	Af-	2	1	0	1	1	0	2019(a1710),46215(5287)	lemma/88710
amplus	N2/1	*	Af-	2	1	0	1	1	0	46310(5473),2087(a1778)	lemma/88785
anacreonticus	N2/1	*	Af-	2	1	0	1	1	0	46378(5614),2152(a9942)	lemma/91137
andro	N3B	m	NpC	2	1	0	0	2	0	46570(5939),46571(5940)	lemma/17409
anicetus	N2/1	*	Af-	2	1	0	1	1	0	2360(a2020),46652(6126)	lemma/89066
annalis	N3A	*	Af-	2	1	0	1	1	0	46676(6197),2395(a2050)	lemma/89099
antinoopolis	N3B	f	NpC	2	1	0	0	2	0	46826(6655),46825(6654)	lemma/19383
antius	N2/1	*	Af-	2	1	0	0	2	0	46872(6751),46871(6750)	lemma/19510
aonius	N2/1	*	Af-	2	1	0	1	1	0	46927(6841),2674(a3729)	lemma/90929
aphrodisiacus	N2/1	*	Af-	2	1	0	1	1	0	2717(a2343),46995(6965)	lemma/89420
apicius	N2/1	*	Af-	2	1	0	1	1	0	2739(a2359),47011(7006)	lemma/89444
apollinaris	N3A	*	Af-	2	1	0	1	1	0	47036(7092),2789(a2407)	lemma/89499
apollinarius	N2/1	*	Af-	2	1	0	1	1	0	47038(7094),2790(a2406)	lemma/89497
aponus	N2/1	*	Af-	2	1	0	0	2	0	47084(7150),47085(7151)	lemma/20268
aqua	N1	f	NpA	2	1	0	0	2	0	47176(7500),47177(7503)	lemma/21307
aquilinus	N2/1	*	Af-	2	1	0	1	1	0	47200(7584),3027(a2610)	lemma/89721
aquilius	N2/1	*	Af-	2	1	0	1	1	0	47202(7586),3028(a2611)	lemma/89722
aquilonius	N2/1	*	Af-	2	1	0	1	1	0	47208(7599),3034(a2614)	lemma/89725
ar	N	2	NpP	2	1	0	0	2	0	47223(7626),47224(7627)	lemma/21613
arabicus	N2/1	*	Af-	2	1	0	1	1	0	47240(7650),3047(a2627)	lemma/89739
arae	N1	f	NpA	2	1	0	0	2	0	47278(7696),47279(7697)	lemma/21865
archelaus	N2	m	NpB	2	1	0	0	2	0	47377(7895),47378(7896)	lemma/22330
archilochicus	N2/1	*	Af-	2	1	0	1	1	0	3148(a3733),47395(7932)	lemma/90933
archilochius	N2/1	*	Af-	2	1	0	1	1	0	47396(7934),3149(a3732)	lemma/90932
argantomagus	N2	m	NpB	2	1	0	0	2	0	47508(8182),47507(8181)	lemma/22669
argentarius	N2/1	*	Af-	2	1	0	1	1	0	47519(8203),3243(a2788)	lemma/89923
arianus	N2/1	*	Af-	2	1	0	0	2	0	47580(8328),47581(8329)	lemma/23193
aricinus	N2/1	*	Af-	2	1	0	0	2	0	47592(8341),47593(8342)	lemma/23226
aristobolius	N2/1	*	Af-	2	1	0	1	1	0	3305(a3735),47640(8421)	lemma/90935
aristophaneus	N2/1	*	Af-	2	1	0	1	1	0	47660(8445),3308(a3736)	lemma/90936
arius	N2	m	NpB	2	1	0	0	2	0	47675(8468),47676(8469)	lemma/23894
armentarius	N2/1	*	Af-	2	1	0	1	1	0	3336(a2866),47690(8501)	lemma/90010
ascalonius	N2/1	*	Af-	2	1	0	1	1	0	47868(8902),3487(a3001)	lemma/90161
asclepiadeus	N2/1	*	Af-	2	1	0	1	1	0	47880(8942),3507(a3737)	lemma/90937
asinarius	N2/1	*	Af-	2	1	0	1	1	0	3534(a3055),47922(9020)	lemma/90221
assius	N2/1	*	Af-	2	1	0	0	2	0	47976(9264),47975(9263)	lemma/25576
astraeus	N2/1	*	Af-	2	1	0	0	2	0	48039(9414),48040(9415)	lemma/25642
athal	N	m	NpP	2	1	0	0	2	0	48137(9602),48138(9603)	lemma/25743
aufidius	N2/1	*	Af-	2	1	0	0	2	0	48396(10080),48397(10081)	lemma/31
auitus	N2/1	*	Af-	2	1	0	1	1	0	48460(10622),4059(a3504)	lemma/90712
auius	N2/1	*	Af-	2	1	0	1	1	0	4061(a3505),48461(10625)	lemma/90713
autumnus	N2/1	*	Af-	2	1	0	1	1	0	4205(a3667),48592(10475)	lemma/90898
azanotthabor	N	2	NpP	2	1	0	0	2	0	48636(10701),48637(10702)	lemma/349
bacchicus	N2/1	*	Af-	2	1	0	1	1	0	48694(10798),4272(b9693)	lemma/92108
bacchylidius	N2/1	*	Af-	2	1	0	1	1	0	48705(10819),4276(b0901)	lemma/92075
bacchylus	N2	m	NpB	2	1	0	0	2	0	48707(10821),48708(10822)	lemma/428
basilicus	N2/1	*	Af-	2	1	0	1	1	0	48933(11267),4445(b0157)	lemma/91364
bassaricus	N2/1	*	Af-	2	1	0	1	1	0	48951(11293),4453(b9694)	lemma/92109
bellicus	N2/1	*	Af-	2	1	0	1	1	0	49086(11496),4514(b0015)	lemma/91201
bellus	N2/1	*	Af-	2	1	0	1	1	0	49099(11537),4530(b0245)	lemma/91462
beneuolus	N2/1	*	Af-	2	1	0	1	1	0	49123(11619),4569(b0905)	lemma/92079
benignus	N2/1	*	Af-	2	1	0	1	1	0	4572(b0275),49129(11631)	lemma/91494
bessus	N2/1	*	Af-	2	1	0	0	2	0	49203(11720),49204(11721)	lemma/989
bibractis	N3B	f	NpC	2	1	0	0	2	0	49239(11804),49242(11803)	lemma/1032
billis	N3B	m	NpC	2	1	0	0	2	0	49263(11910),49262(11909)	lemma/1063
blaesus	N2/1	*	Af-	2	1	0	1	1	0	49334(12085),4767(b0450)	lemma/91687
blandus	N2/1	*	Af-	2	1	0	1	1	0	4783(b0466),49340(12116)	lemma/91706
bona	N1	f	NpA	2	1	0	0	2	0	49454(12320),49455(12321)	lemma/1284
bonus	N2/1	*	Af-	2	1	0	1	1	0	4864(b0537),49467(12348)	lemma/91782
braboniacum	N2	n	NpB	2	1	0	0	2	0	49550(12498),49551(12499)	lemma/1390
braciaca	N1	m	NpA	2	1	0	0	2	0	49566(12539),49567(12540)	lemma/1410
bruttius	N2/1	*	Af-	2	1	0	0	2	0	49713(12782),49714(12783)	lemma/1576
burrus	N2/1	*	Af-	2	1	0	1	1	0	5103(b0758),49831(13032)	lemma/92019
cadurcus	N2/1	*	Af-	2	1	0	1	1	0	49959(13293),5221(c0069)	lemma/92191
caelicus	N2/1	*	Af-	3	1	0	1	2	0	5253(c0096),50001(13373),50002(13374)	lemma/92220
caelus	N2	m	NpB	2	1	0	0	2	0	50011(13398),50012(13399)	lemma/1903
caesar	N3B	m	NpC	2	1	0	0	2	0	50051(13471),50052(13472)	lemma/1947
caesius	N2/1	*	Af-	3	1	0	1	2	0	5304(c0137),50072(13500),50071(13499)	lemma/92263
calabricus	N2/1	*	Af-	2	1	0	1	1	0	5328(c0183),50109(13566)	lemma/92316
calauria	N1	f	NpA	2	1	0	0	2	0	50139(13623),50140(13624)	lemma/2046
callaecus	N2/1	*	Af-	2	1	0	1	1	0	50184(13786),5442(c9912)	lemma/97748
campensis	N3A	*	Af-	2	1	0	1	1	0	50296(14036),5541(c0333)	lemma/92488
cantabricus	N2/1	*	Af-	2	1	0	1	1	0	50345(14252),5672(c0438)	lemma/92613
canus	N2/1	*	Af-	2	1	0	1	1	0	50359(14319),5711(c0472)	lemma/92651
capitolinus	N2/1	*	Af-	2	1	0	0	2	0	50382(14411),50381(14409)	lemma/2328
caprarius	N2/1	*	Af-	2	1	0	1	1	0	5785(c0536),50393(14452)	lemma/92729
careiae	N1	f	NpA	2	1	0	0	2	0	50435(14635),50434(14634)	lemma/2393
caricus	N2/1	*	Af-	2	1	0	1	1	0	50442(14653),5919(c9921)	lemma/97761
carus	N2/1	*	Af-	2	1	0	1	1	0	50523(14837),6012(c0721)	lemma/92942
casarius	N2/1	*	Af-	2	1	0	1	1	0	6027(c0733),50527(14859)	lemma/92954
cassius	N2/1	*	Af-	2	1	0	0	2	0	50568(14939),50567(14938)	lemma/2540
castoreus	N2/1	*	Af-	2	1	0	1	1	0	6087(c0784),50579(14992)	lemma/93017
cauponius	N2/1	*	Af-	2	1	0	1	1	0	6313(c0986),50655(15282)	lemma/93242
celsus	N2/1	*	Af-	2	1	0	1	1	0	6419(c1085),50709(15511)	lemma/93360
censorinus	N2/1	*	Af-	2	1	0	1	1	0	6456(c1124),50744(15564)	lemma/93400
ceruarius	N2/1	*	Af-	2	1	0	1	1	0	6647(c1278),50845(15904)	lemma/93585
cetrius	N2/1	*	Af-	2	1	0	0	2	0	50871(15986),50870(15985)	lemma/2873
chalcidicus	N2/1	*	Af-	2	1	0	1	1	0	50901(16041),6714(c1337)	lemma/93651
chrestus	N2	m	NpB	2	1	0	0	2	0	51061(16422),51060(16421)	lemma/3081
chrysologus	N2	m	NpB	2	1	0	0	2	0	51087(16500),51086(16499)	lemma/3112
cilicius	N2/1	*	Af-	2	1	0	1	1	0	51136(16624),7006(c1606)	lemma/93960
cimber	N2/1	*	Af-	2	1	0	0	2	0	51144(16643),51143(13561)	lemma/3174
cinyria	N1	f	NpA	2	1	0	0	2	0	51190(16766),51191(16767)	lemma/3225
circumpadanus	N2/1	*	Af-	2	1	0	1	1	0	7246(c1825),51202(16994)	lemma/94199
cisalpinus	N2/1	*	Af-	2	1	0	1	1	0	51213(17178),7376(c1950)	lemma/94331
cisrhenanus	N2/1	*	Af-	2	1	0	1	1	0	51220(17195),7382(c1956)	lemma/94338
cius	N2	m	NpB	2	1	0	0	2	0	51254(17295),51255(17296)	lemma/3303
coche	N1	f	NpA	2	1	0	0	2	0	51445(17901),51444(17900)	lemma/3519
coemeterium	N2	n	NpB	2	1	0	0	2	0	51470(18012),51471(18013)	lemma/3549
collinus	N2/1	*	Af-	2	1	0	1	1	0	7963(c2433),51507(18344)	lemma/94863
colonicus	N2/1	*	Af-	2	1	0	1	1	0	8028(c2496),51519(18451)	lemma/94935
colophonius	N2/1	*	Af-	2	1	0	1	1	0	51527(18464),8032(c2499)	lemma/94938
commodus	N2/1	*	Af-	2	1	0	1	1	0	8275(c2708),51577(18833)	lemma/95177
copiosus	N2/1	*	Af-	2	1	0	1	1	0	9741(c3964),51694(21038)	lemma/96522
cornelius	N2/1	*	Af-	2	1	0	0	2	0	51753(21207),51754(21208)	lemma/3909
corsica	N1	f	NpA	2	1	0	0	2	0	51793(21391),51792(21390)	lemma/3950
coruinus	N2/1	*	Af-	2	1	0	1	1	0	9957(c4155),51800(21426)	lemma/96731
creon	N3B	m	NpC	2	1	0	0	2	0	51893(21723),51894(21724)	lemma/4058
cresius	N2/1	*	Af-	2	1	0	0	2	0	51902(21764),51903(21765)	lemma/4067
cressa	N1	f	NpA	2	1	0	0	2	0	51905(21767),51906(21768)	lemma/4069
crinitus	N2/1	*	Af-	2	0	1	1	1	0	10181(c4386),51923(21834)	hypolemma/96156
crispus	N2/1	*	Af-	2	1	0	1	1	0	10196(c4375),51929(21856)	lemma/96973
cupidus	N2/1	*	Af-	2	1	0	1	1	0	10501(c4651),52017(22305)	lemma/97281
cynicus	N2/1	*	Af-	2	1	0	1	1	0	52129(22632),10666(c4815)	lemma/97458
cyprius	N2/1	*	Af-	2	1	0	1	1	0	10702(c4850),52154(22703)	lemma/97498
damia	N1	f	NpA	2	1	0	0	2	0	52266(22868),52267(22869)	lemma/4473
decorus	N2/1	*	Af-	2	1	0	1	1	0	10972(d0239),52399(23342)	lemma/98117
dignus	N2/1	*	Af-	2	1	0	1	1	0	12299(d1444),52636(25407)	lemma/99407
dirae	N1	f	NpA	2	1	0	0	2	0	52739(25744),52740(25745)	lemma/5058
diuus	N2/1	*	Af-	2	1	0	1	1	0	12878(d0126),52782(26501)	lemma/97990
domesticus	N2/1	*	Af-	2	1	0	1	1	0	52829(26658),12959(d2138)	lemma/100046
dominicus	N2/1	*	Af-	2	1	0	1	1	0	12972(d0223),52832(26679)	lemma/98100
dor	N	2	NpP	2	1	0	0	2	0	52850(26752),52851(26753)	lemma/5245
dora	N1	f	NpA	2	1	0	0	2	0	52853(26755),52852(26754)	lemma/5247
dromas	N3B	f	NpC	2	1	0	0	2	0	52949(26920),52950(26921)	lemma/5354
durius	N2	m	NpB	2	1	0	0	2	0	53038(27269),53039(27270)	lemma/5477
edonis	N3B	f	NpC	2	1	0	0	2	0	53191(27673),53190(27672)	lemma/5659
epicharmius	N2/1	*	Af-	2	1	0	1	1	0	53554(29151),14084(e1956)	lemma/102539
esaias	N1	m	NpA	2	1	0	0	2	0	53808(29828),53809(29829)	lemma/6388
eso	N3B	m	NpC	2	1	0	0	2	0	53828(29875),53827(29874)	lemma/6408
eueruulfus	N2	m	NpB	2	1	0	0	2	0	53983(30130),53984(30551)	lemma/6569
eumedon	N3B	m	NpC	2	1	0	0	2	0	54031(30188),54032(30189)	lemma/6613
eurinus	N2/1	*	Af-	2	1	0	1	1	0	14580(e1143),54122(30321)	lemma/101691
euripides	N3B	m	NpC	2	1	0	0	2	0	54123(30323),54124(30324)	lemma/6713
euripideus	N2/1	*	Af-	2	1	0	1	1	0	54125(30325),14582(e1964)	lemma/102547
eurous	N2/1	*	Af-	2	1	0	1	1	0	14589(e1151),54143(30351)	lemma/101700
eutropius	N2	m	NpB	2	1	0	0	2	0	54231(30454),54232(30455)	lemma/6830
euxinus	N2/1	*	Af-	2	1	0	1	1	0	54243(30466),14604(e1164)	lemma/101714
fabius	N2/1	*	Af-	2	1	0	0	2	0	54296(32012),54297(32013)	lemma/6989
fabricius	N2/1	*	Af-	2	1	0	1	1	0	15475(f0020),54303(32038)	lemma/102724
facundus	N2/1	*	Af-	2	1	0	1	1	0	15531(f0070),54314(32129)	lemma/102781
faliscus	N2/1	*	Af-	2	1	0	1	1	0	15587(f0121),54352(32208)	lemma/102839
fecundus	N2/1	*	Af-	2	1	0	1	1	0	15809(f0319),54446(32634)	lemma/103060
festinus	N2/1	*	Af-	2	1	0	1	1	0	15938(f0432),54513(32922)	lemma/103184
festiuus	N2/1	*	Af-	2	1	0	1	1	0	15942(f0437),54514(32930)	lemma/103190
fidicinius	N2/1	*	Af-	2	1	0	1	1	0	16018(f9499),54549(33065)	lemma/104202
fidus	N2/1	*	Af-	2	1	0	1	1	0	16029(f0507),54554(33088)	lemma/103275
flaminius	N2/1	*	Af-	2	1	0	1	1	0	16170(f0622),54607(33343)	lemma/103400
flumen	N3B	n	NpC	2	1	0	0	2	0	54650(33555),54651(33557)	lemma/7348
fons	N3B	m	NpC	2	1	0	0	2	0	54674(33744),54675(33746)	lemma/7386
fretensis	N3A	*	Af-	2	1	0	1	1	0	16587(f0979),54761(34154)	lemma/103787
fundanus	N2/1	*	Af-	2	1	0	1	1	0	54819(34553),16824(f1166)	lemma/104002
fuscus	N2/1	*	Af-	2	1	0	1	1	0	54835(34730),16921(f1246)	lemma/104092
gallicus	N2/1	*	Af-	2	1	0	1	1	0	17015(g0050),54968(34999)	lemma/104303
gallinarius	N2/1	*	Af-	2	1	0	1	1	0	17021(g0059),54973(35013)	lemma/104314
gehennalis	N3A	*	Af-	2	1	0	1	1	0	17094(g0119),55103(35264)	lemma/104388
gemelli	N2/1	*	Af-	2	1	0	0	2	0	55136(35317),55137(35318)	lemma/7948
genetiuus	N2/1	*	Af-	2	1	0	1	1	0	55155(35411),17166(g0181)	lemma/104463
gerulus	N2/1	*	Af-	2	1	0	1	1	0	17252(g0252),55243(35626)	lemma/104550
glaucus	N2/1	*	Af-	2	1	0	1	1	0	17366(g0361),55350(35891)	lemma/104663
gratus	N2/1	*	Af-	2	1	0	1	1	0	17594(g0579),55526(36405)	lemma/104886
hanhaualdus	N2	m	NpB	2	1	0	0	2	0	55817(37069),55818(37070)	lemma/8683
heles	N3B	m	NpC	2	1	0	0	2	0	55975(37368),55976(37369)	lemma/8851
heluius	N2/1	*	Af-	2	1	0	1	1	0	17964(h0208),56050(37496)	lemma/105275
hermidius	N2/1	*	Af-	2	1	0	0	2	0	56191(37796),56192(37797)	lemma/9097
herous	N2/1	*	Af-	2	1	0	1	1	0	18084(h0318),56255(37883)	lemma/105402
hilarus	N2/1	*	Af-	2	1	0	1	1	0	18162(h0388),56385(38148)	lemma/105484
hortensius	N2/1	*	Af-	2	1	0	1	1	0	56586(38696),18411(h0247)	lemma/105319
i	N	2	NpP	2	1	0	0	2	0	56774(44539),56773(39211)	lemma/9764
iana	N1	f	NpA	2	1	0	0	2	0	56820(44617),56819(39251)	lemma/9798
ianthinus	N2/1	*	Af-	2	1	0	1	1	0	18688(i0033),56832(39257)	lemma/106036
iarcas	N1	m	NpA	2	1	0	0	2	0	56857(39279),56858(44640)	lemma/9822
ibycius	N2/1	*	Af-	2	1	0	1	1	0	56915(39357),18709(i3120)	lemma/109305
icilius	N2/1	*	Af-	2	1	0	0	2	0	56950(39401),56951(39402)	lemma/9915
idomeneus	N2/1	*	Af-	2	1	0	0	2	0	56999(39509),57000(39510)	lemma/9965
ieremias	N1	m	NpA	2	1	0	0	2	0	57027(44680),57026(39539)	lemma/9980
iericho	N	f	NpP	2	1	0	0	2	0	57028(39540),57029(44681)	lemma/9982
ierosolyma	N1	f	NpA	2	1	0	0	2	0	57034(39541),57035(44686)	lemma/9983
inalpinus	N2/1	*	Af-	2	1	0	1	1	0	19460(i0744),57187(40691)	lemma/106791
innocens	N3B	m	NpC	2	1	0	0	2	0	57242(42429),57241(42428)	lemma/10383
interamnus	N2/1	*	Af-	2	1	0	1	1	0	57280(43180),21191(i2261)	lemma/108401
isaac	N	m	NpP	2	1	0	0	2	0	57461(44274),57460(44273)	lemma/10606
iucundus	N2/1	*	Af-	2	1	0	1	1	0	22019(i2989),57626(44794)	lemma/109160
iulius	N2/1	*	Af-	2	1	0	1	1	0	57657(44892),22068(i3221)	lemma/109411
iurarius	N2/1	*	Af-	2	1	0	1	1	0	22095(i3049),57673(44943)	lemma/109228
iustus	N2/1	*	Af-	2	1	0	1	1	0	22146(i3087),57689(45026)	lemma/109268
laconicus	N2/1	*	Af-	2	1	0	1	1	0	22265(l9068),57790(45255)	lemma/111108
laodice	N1	f	NpA	2	1	0	0	2	0	57988(45781),57987(45780)	lemma/11317
lar	N3B	m	NpC	2	1	0	0	2	0	58031(45884),58030(45883)	lemma/11365
laserpiciarius	N2/1	*	Af-	2	1	0	1	1	0	22555(l0328),58083(45999)	lemma/109976
laterensis	N3A	*	Af-	2	1	0	1	1	0	22582(l0349),58105(46054)	lemma/110001
leander	N2	m	NpB	2	1	0	0	2	0	58228(46342),58229(46343)	lemma/11571
lentulus	N2/1	*	Af-	2	1	0	1	1	0	58333(46601),22817(l0544)	lemma/110232
leoninus	N2/1	*	Af-	2	1	0	1	1	0	22825(l0551),58356(46634)	lemma/110239
lepidus	N2/1	*	Af-	2	1	0	1	1	0	22843(l0565),58385(46682)	lemma/110255
leui	N	m	NpP	2	1	0	0	2	0	58500(46913),58499(46912)	lemma/11866
libanus	N2	m	NpB	2	1	0	0	2	0	58529(46982),58530(46983)	lemma/11890
liberalis	N3A	*	Af-	2	1	0	1	1	0	58540(47021),22969(l0677)	lemma/110384
libertus	N2/1	*	Af-	2	1	0	1	1	0	22985(l0224),58549(47051)	lemma/109857
liburnicus	N2/1	*	Af-	2	1	0	1	1	0	23015(l9908),58591(47139)	lemma/111151
liburnus	N2/1	*	Af-	2	1	0	1	1	0	58593(47141),23016(l9906)	lemma/111148
liquidus	N2/1	*	Af-	2	1	0	1	1	0	23228(l0885),58732(47531)	lemma/110628
locrensis	N3A	*	Af-	2	1	0	0	2	0	58807(47737),58808(47738)	lemma/12205
lucanicus	N2/1	*	Af-	2	1	0	1	1	0	23442(l1070),58913(48029)	lemma/110839
lucanius	N2/1	*	Af-	2	1	0	1	1	0	58914(48030),23443(l1114)	lemma/110890
lucidus	N2/1	*	Af-	2	1	0	1	1	0	23464(l1086),58945(48085)	lemma/110859
lucifer	N2	m	NpB	2	1	0	0	2	0	58948(48089),58947(48088)	lemma/12367
lucinus	N2/1	*	Af-	2	1	0	1	1	0	58959(48109),23472(l1095)	lemma/110868
lucrius	N2/1	*	Af-	2	1	0	1	1	0	58976(48148),23490(l1110)	lemma/110885
lutarius	N2/1	*	Af-	2	1	0	1	1	0	23634(l1236),59068(48434)	lemma/111033
lyncestis	N3B	f	NpC	2	1	0	0	2	0	59189(48640),59190(48641)	lemma/12641
lyricus	N2/1	*	Af-	2	1	0	1	1	0	23694(l1284),59202(48665)	lemma/111086
macellus	N2/1	*	Af-	2	1	0	1	1	0	23720(m9804),59302(48795)	lemma/113306
maces	N3B	m	NpC	2	1	0	0	2	0	59312(48820),59311(48819)	lemma/12773
maenianus	N2/1	*	Af-	2	1	0	1	1	0	23792(m0089),59446(49045)	lemma/111263
manduessedum	N2	n	NpB	2	1	0	0	2	0	59767(49688),59768(49689)	lemma/13277
mania	N1	f	NpA	2	1	0	0	2	0	59779(49714),59780(49715)	lemma/13292
marabius	N2	m	NpB	2	1	0	0	2	0	59847(49943),59846(49942)	lemma/13368
maresa	N	2	NpP	2	1	0	0	2	0	59912(50043),59911(50042)	lemma/13441
maritus	N2/1	*	Af-	2	1	0	1	1	0	24166(m0114),59959(50126)	lemma/111296
martinianus	N2	m	NpB	2	1	0	0	2	0	60041(50242),60040(50241)	lemma/13584
masciacum	N2	n	NpB	2	1	0	0	2	0	60078(50293),60077(50292)	lemma/13623
maternus	N2/1	*	Af-	2	1	0	1	1	0	60164(50456),24236(m0458)	lemma/111702
matrona	N1	f	NpA	2	1	0	0	2	0	60196(50516),60195(50515)	lemma/13743
maturus	N2/1	*	Af-	2	1	0	1	1	0	24274(m0494),60219(50569)	lemma/111742
matutinus	N2/1	*	Af-	2	1	0	1	1	0	24278(m0497),60223(50578)	lemma/111745
melissaeus	N2/1	*	Af-	2	1	0	0	2	0	60495(51077),60494(51076)	lemma/14078
mellitus	N2/1	*	Af-	2	1	0	1	1	0	60523(51141),24472(m0660)	lemma/111949
menaeus	N2/1	*	Af-	2	1	0	1	1	0	60581(51278),24527(m0707)	lemma/112008
meridianus	N2/1	*	Af-	2	1	0	1	1	0	24650(m0808),60707(51572)	lemma/112126
metropolitanus	N2/1	*	Af-	2	1	0	1	1	0	24766(m0913),60868(51878)	lemma/112255
micarius	N2/1	*	Af-	2	1	0	1	1	0	60891(51923),24780(m0952)	lemma/112293
milia	N1	f	NpA	2	1	0	0	2	0	60938(52006),60939(52007)	lemma/14566
miliarensis	N3A	*	Af-	2	1	0	1	1	0	60941(52011),24810(m0977)	lemma/112321
modestus	N2/1	*	Af-	2	1	0	1	1	0	61113(52524),25037(m1169)	lemma/112527
montanus	N2/1	*	Af-	2	1	0	1	1	0	25252(m1360),61200(52932)	lemma/112743
montensis	N3A	*	Af-	2	1	0	1	1	0	25253(m1361),61201(52935)	lemma/112746
montius	N2/1	*	Af-	2	1	0	1	1	0	25260(m1367),61202(52957)	lemma/112752
mustus	N2/1	*	Af-	2	1	0	1	1	0	25677(m1846),61376(53684)	lemma/113148
mysticus	N2/1	*	Af-	2	1	0	1	1	0	25786(m1935),61487(53947)	lemma/113242
naeuius	N2/1	*	Af-	2	1	0	1	1	0	61539(54036),25807(n0005)	lemma/113342
nanea	N1	f	NpA	2	1	0	0	2	0	61570(54084),61571(54085)	lemma/15323
nectareus	N2/1	*	Af-	2	1	0	1	1	0	25988(n0144),61752(54550)	lemma/113507
nemorensis	N3A	*	Af-	2	1	0	1	1	0	61816(54696),26043(n0202)	lemma/113572
neo	N3B	m	NpC	2	1	0	0	2	0	61825(54717),61824(54716)	lemma/15596
neuesita	N1	f	NpA	2	1	0	0	2	0	61957(54975),61956(54974)	lemma/15748
nostus	N2	m	NpB	2	1	0	0	2	0	62181(55519),62180(55518)	lemma/15996
nouus	N2/1	*	Af-	2	1	0	1	1	0	26413(n0587),62221(55653)	lemma/113900
numerius	N2/1	*	Af-	2	1	0	1	1	0	26495(n0657),62249(55805)	lemma/113976
nundinus	N2/1	*	Af-	2	1	0	1	1	0	26532(n0092),62276(55910)	lemma/113446
nuptialis	N3A	*	Af-	2	1	0	1	1	0	26546(n0696),62280(55932)	lemma/114014
nymphaeus	N2/1	*	Af-	2	1	0	1	1	0	62302(56018),26597(n0354)	lemma/113742
obliuio	N3B	f	NpC	2	1	0	0	2	0	62346(56265),62347(56266)	lemma/16188
ocelis	N3B	f	NpC	2	1	0	0	2	0	62382(56846),62383(56847)	lemma/16242
ocriculum	N2	n	NpB	2	1	0	0	2	0	62405(56891),62406(56892)	lemma/16269
odia	N1	f	NpA	2	1	0	0	2	0	62439(57026),62440(57027)	lemma/16310
opis	N3B	f	NpC	2	1	0	0	2	0	62772(57869),62771(57868)	lemma/16701
optatianus	N2	m	NpB	2	1	0	0	2	0	62805(58048),62804(58047)	lemma/16746
orcinianus	N2/1	*	Af-	2	1	0	1	1	0	62852(58190),27665(o0963)	lemma/115219
oreus	N2	m	NpB	2	1	0	0	2	0	62887(58259),62888(58260)	lemma/16849
orientius	N2	m	NpB	2	1	0	0	2	0	62916(58310),62917(58311)	lemma/16881
pacificus	N2/1	*	Af-	2	1	0	1	1	0	27964(p0020),63189(58926)	lemma/115588
paeonicus	N2/1	*	Af-	2	1	0	1	1	0	63234(59030),28015(p0062)	lemma/115635
paeonius	N2/1	*	Af-	2	1	0	1	1	0	63236(59033),28016(p0061)	lemma/115633
paganicus	N2/1	*	Af-	2	1	0	1	1	0	28022(p0066),63250(59054)	lemma/115639
palaestina	N1	f	NpA	2	1	0	0	2	0	63282(59142),63283(59143)	lemma/17294
pale	N1	f	NpA	2	1	0	0	2	0	63306(59198),63307(59199)	lemma/17323
pallanum	N2	n	NpB	2	1	0	0	2	0	63339(59260),63340(59261)	lemma/17362
pallenaeus	N2/1	*	Af-	2	1	0	0	2	0	63343(59268),63344(59269)	lemma/17366
pammenes	N3B	m	NpC	2	1	0	0	2	0	63378(59405),63379(59406)	lemma/17413
panaetolicus	N2/1	*	Af-	2	1	0	0	2	0	63394(59436),63393(59435)	lemma/17431
pandion	N3B	m	NpC	2	1	0	0	2	0	63427(59509),63426(59507)	lemma/17468
parrhasius	N2/1	*	Af-	2	1	0	0	2	0	63602(60019),63601(60018)	lemma/17679
patrae	N1	f	NpA	2	1	0	0	2	0	63716(60351),63717(60352)	lemma/17803
pelagius	N2/1	*	Af-	2	1	0	1	1	0	28840(p0742),63783(60720)	lemma/116423
pelias	N3B	f	NpC	2	1	0	0	2	0	63806(60752),63807(60753)	lemma/17911
peregrinus	N2/1	*	Af-	2	1	0	1	1	0	29181(p1063),63896(61330)	lemma/116770
petraeus	N2/1	*	Af-	2	1	0	1	1	0	64024(62610),29975(p1812)	lemma/117552
petrensis	N3A	*	Af-	2	1	0	1	1	0	64027(62615),29979(p1816)	lemma/117556
phanias	N1	m	NpA	2	1	0	0	2	0	64131(62784),64132(62785)	lemma/18293
phaon	N3B	m	NpC	2	1	0	0	2	0	64138(62795),64139(62796)	lemma/18300
phasianus	N2/1	*	Af-	2	1	0	1	1	0	30051(p0720),64175(62857)	lemma/116399
phileas	N1	m	NpA	2	1	0	0	2	0	64247(62955),64246(62954)	lemma/18409
philistaei	N2/1	*	Af-	2	1	0	0	2	0	64285(63000),64286(63001)	lemma/18449
philotimus	N2	m	NpB	2	1	0	0	2	0	64349(63088),64350(63089)	lemma/18514
philyrides	N1	m	NpA	2	1	0	0	2	0	64362(63108),64361(63107)	lemma/18528
phoda	N1	f	NpA	2	1	0	0	2	0	64402(63174),64401(63173)	lemma/18569
phoenicius	N2/1	*	Af-	2	1	0	1	1	0	64419(63205),30127(p1952)	lemma/117704
pistoriensis	N3A	*	Af-	2	1	0	1	1	0	30395(p2175),64644(63771)	lemma/117964
placidus	N2	m	NpB	2	1	0	0	2	0	64681(63873),64682(63874)	lemma/18873
plaetorius	N2/1	*	Af-	2	1	0	0	2	0	64684(63887),64683(63886)	lemma/18875
plotinus	N2/1	*	Af-	2	1	0	0	2	0	64752(64172),64751(64171)	lemma/18945
polycrates	N3B	m	NpC	2	1	0	0	2	0	64863(64505),64862(64504)	lemma/19065
porphyrius	N2	m	NpB	2	1	0	0	2	0	64964(64830),64965(64831)	lemma/19167
postumius	N2/1	*	Af-	2	1	0	0	2	0	64994(65068),64993(65067)	lemma/19207
priapeus	N2/1	*	Af-	2	1	0	1	1	0	65057(66383),31937(p3523)	lemma/119458
priscillianus	N2	m	NpB	2	1	0	0	2	0	65075(66484),65074(66483)	lemma/19367
priscus	N2/1	*	Af-	2	1	0	1	1	0	31995(p3576),65078(66488)	lemma/119513
publicius	N2/1	*	Af-	2	1	0	0	2	0	65211(67852),65212(67853)	lemma/19588
puluinensis	N3A	*	Af-	2	1	0	1	1	0	33023(p4507),65236(68082)	lemma/120496
puniceus	N2/1	*	Af-	2	1	0	1	1	0	65238(68125),33051(p4530)	lemma/120520
pyrrhus	N2	m	NpB	2	1	0	0	2	0	65303(68398),65304(68399)	lemma/19711
pythius	N2/1	*	Af-	2	1	0	0	2	0	65317(68420),65316(68419)	lemma/19726
quartus	N2	m	NpB	2	1	0	0	2	0	65343(68731),65342(68730)	lemma/19773
quietalis	N3A	*	Af-	2	1	0	1	1	0	33458(q0207),65352(68852)	lemma/121175
quintillus	N2/1	*	Af-	2	1	0	0	2	0	65362(68981),65363(68982)	lemma/19813
rabsaces	N3B	m	NpC	2	1	0	0	2	0	65390(69130),65389(69129)	lemma/19849
raecius	N2	m	NpB	2	1	0	0	2	0	65405(69187),65404(69186)	lemma/19866
raphaim	N	m	NpP	2	1	0	0	2	0	65447(69273),65448(69274)	lemma/19911
regillus	N2/1	*	Af-	2	1	0	1	1	0	65512(70042),34131(r0302)	lemma/121670
rhodinus	N2/1	*	Af-	2	1	0	1	1	0	65615(71306),34836(r0680)	lemma/122048
rigomagus	N2	m	NpB	2	1	0	0	2	0	65661(71437),65662(71438)	lemma/20238
robur	N3B	m	NpC	2	1	0	0	2	0	65696(71565),65697(71566)	lemma/20281
rodanus	N2	m	NpB	2	1	0	0	2	0	65701(71580),65700(71579)	lemma/20285
romilius	N2/1	*	Af-	2	1	0	0	2	0	65724(71635),65725(71636)	lemma/20309
roseus	N2/1	*	Af-	2	1	0	1	1	0	34995(r0804),65743(71695)	lemma/122175
rufrius	N2	m	NpB	2	1	0	0	2	0	65797(71886),65798(71887)	lemma/20382
ruminalis	N3A	*	Af-	2	1	0	1	1	0	65810(71937),35113(r0894)	lemma/122264
sabidius	N2	m	NpB	2	1	0	0	2	0	65887(72181),65888(72182)	lemma/20474
saepo	N3B	f	NpC	2	1	0	0	2	0	65940(72383),65939(72382)	lemma/20527
saga	N1	f	NpA	2	1	0	0	2	0	65950(72425),65951(72426)	lemma/20539
saitae	N1	m	NpA	2	1	0	0	2	0	65967(72502),65968(72503)	lemma/20559
salanus	N2	m	NpB	2	1	0	0	2	0	65979(72525),65980(72526)	lemma/20571
salaria	N1	f	NpA	2	1	0	0	2	0	65986(72537),65985(72536)	lemma/20577
sale	N1	f	NpA	2	1	0	0	2	0	65996(72555),65997(72556)	lemma/20587
salienus	N2	m	NpB	2	1	0	0	2	0	66011(72595),66012(72596)	lemma/20601
saliniensis	N3A	*	Af-	2	1	0	1	1	0	66017(72614),35384(s0167)	lemma/123208
salsum	N2	n	NpB	2	1	0	0	2	0	66070(72736),66071(72737)	lemma/20659
salutaris	N3A	*	Af-	2	1	0	1	1	0	35461(s0235),66083(72802)	lemma/123278
salutifer	N2/1	*	Af-	2	1	0	1	1	0	35467(s0241),66084(72813)	lemma/123284
sandora	N1	f	NpA	2	1	0	0	2	0	66155(73014),66154(73013)	lemma/20760
sanqualis	N3A	*	Af-	2	1	0	1	1	0	35553(s0329),66171(73071)	lemma/123376
sarnus	N2	m	NpB	2	1	0	0	2	0	66272(73322),66273(73323)	lemma/20883
sarus	N2	m	NpB	2	1	0	0	2	0	66293(73367),66292(73366)	lemma/20902
satyrus	N2	m	NpB	2	1	0	0	2	0	66333(73518),66334(73519)	lemma/20945
sauus	N2	m	NpB	2	1	0	0	2	0	66360(73574),66361(73575)	lemma/20972
scantinius	N2/1	*	Af-	2	1	0	0	2	0	66393(73761),66394(73762)	lemma/21008
septimuleius	N2	m	NpB	2	1	0	0	2	0	66682(75407),66683(75408)	lemma/21377
sequana	N1	f	NpA	2	1	0	0	2	0	66689(75467),66688(75466)	lemma/21382
serena	N1	f	NpA	2	1	0	0	2	0	66713(75534),66714(75535)	lemma/21413
serenus	N2/1	*	Af-	2	1	0	1	1	0	36669(s1358),66717(75551)	lemma/124472
seruator	N3B	m	NpC	2	1	0	0	2	0	66741(75696),66740(75695)	lemma/21446
seruilius	N2/1	*	Af-	2	1	0	0	2	0	66744(75710),66745(75711)	lemma/21450
siga	N1	f	NpA	2	1	0	0	2	0	66857(76190),66858(76191)	lemma/21592
signifer	N2/1	*	Af-	2	1	0	1	1	0	36953(s1616),66872(76239)	lemma/124753
silbiani	N2/1	*	Af-	2	1	0	0	2	0	66888(76287),66887(76286)	lemma/21625
simo	N3B	m	NpC	2	1	0	0	2	0	66934(76457),66933(76456)	lemma/21684
siriacus	N2/1	*	Af-	2	1	0	1	1	0	67004(76731),37136(s1780)	lemma/124933
sontius	N2	m	NpB	2	1	0	0	2	0	67123(77251),67124(77253)	lemma/21937
sophroniscus	N2	m	NpB	2	1	0	0	2	0	67142(77291),67141(77290)	lemma/21959
sophronius	N2	m	NpB	2	1	0	0	2	0	67144(77293),67143(77292)	lemma/21961
soter	N3B	m	NpC	2	1	0	0	2	0	67191(77450),67190(77449)	lemma/22017
sphingios	N2	m	NpB	2	1	0	0	2	0	67245(77735),67244(77734)	lemma/22096
staberius	N2	m	NpB	2	1	0	0	2	0	67275(78057),67276(78058)	lemma/22142
stabulum	N2	n	NpB	2	1	0	0	2	0	67279(78085),67280(78086)	lemma/22147
stella	N1	m	NpA	2	1	0	0	2	0	67325(78345),67326(78346)	lemma/22200
strobilus	N2	m	NpB	2	1	0	0	2	0	67402(78808),67403(78809)	lemma/22297
subalpinus	N2/1	*	Af-	2	1	0	1	1	0	67442(79075),38211(s2741)	lemma/125979
sulla	N1	m	NpA	2	1	0	0	2	0	67526(80536),67525(80535)	lemma/22475
sulpicius	N2/1	*	Af-	2	1	0	0	2	0	67534(80548),67535(80549)	lemma/22485
sutrinus	N2/1	*	Af-	2	1	0	1	1	0	39450(s3893),67582(81590)	lemma/127162
synnauus	N2/1	*	Af-	2	1	0	1	1	0	67640(81813),39535(s3976)	lemma/127253
syrtis	N3B	f	NpC	2	1	0	0	2	0	67663(81918),67662(81917)	lemma/22698
tagus	N2	m	NpB	2	1	0	0	2	0	67710(82097),67711(82098)	lemma/22753
taurinus	N2/1	*	Af-	2	1	0	1	1	0	67898(82491),39754(t0153)	lemma/127681
tegea	N1	f	NpA	2	1	0	0	2	0	67939(82614),67938(82613)	lemma/23016
temenites	N3B	m	NpC	2	1	0	0	2	0	67997(82743),67996(82742)	lemma/23080
theogenes	N3B	m	NpC	2	1	0	0	2	0	68251(83672),68252(83673)	lemma/23384
theon	N3B	m	NpC	2	1	0	0	2	0	68259(83688),68258(83687)	lemma/23391
therasia	N1	f	NpA	2	1	0	0	2	0	68280(83729),68281(83730)	lemma/23417
thermensis	N3A	*	Af-	2	1	0	1	1	0	40244(t0582),68289(83755)	lemma/128141
thessalus	N2	m	NpB	2	1	0	0	2	0	68330(83827),68331(83828)	lemma/23476
thymbraeus	N2/1	*	Af-	2	1	0	1	1	0	40304(t0640),68442(84037)	lemma/128203
titus	N2	m	NpB	2	1	0	0	2	0	68628(84435),68627(84434)	lemma/23818
tonitrualis	N3A	*	Af-	2	1	0	1	1	0	68681(84582),40491(t0801)	lemma/128378
transalpinus	N2/1	*	Af-	2	1	0	1	1	0	68729(85018),40701(t0975)	lemma/128573
transaustrinus	N2/1	*	Af-	2	1	0	1	1	0	40702(t0976),68730(85021)	lemma/128574
transbeneuentanus	N2/1	*	Af-	2	1	0	1	1	0	68731(85024),40703(t0977)	lemma/128575
transmontanus	N2/1	*	Af-	2	1	0	1	1	0	40796(t1062),68737(85190)	lemma/128660
transpadanus	N2/1	*	Af-	2	1	0	1	1	0	68738(85209),40809(t1075)	lemma/128673
transrhenanus	N2/1	*	Af-	2	1	0	1	1	0	40823(t1088),68740(85230)	lemma/128686
transtigritanus	N2/1	*	Af-	2	1	0	1	1	0	40826(t1091),68743(85247)	lemma/128690
traulus	N2/1	*	Af-	2	1	0	1	1	0	40863(t1126),68752(85325)	lemma/128731
tuticus	N2/1	*	Af-	2	1	0	1	1	0	68991(86589),41425(t8841)	lemma/129372
typhonicus	N2/1	*	Af-	2	1	0	1	1	0	69025(86668),41449(t1864)	lemma/129343
tyros	N2	f	NpB	2	1	0	0	2	0	69038(86705),69037(86704)	lemma/24329
u	N	2	NpP	2	1	0	0	2	0	69049(87657),69048(86726)	lemma/24341
ualens	N3B	m	NpC	2	1	0	0	2	0	69082(87797),69083(87798)	lemma/24627
ualentia	N1	f	NpA	2	1	0	0	2	0	69084(87801),69085(87802)	lemma/24630
uarianus	N2/1	*	Af-	2	1	0	1	1	0	41587(u0108),69139(87970)	lemma/129572
ucubis	N3B	f	NpC	2	1	0	0	2	0	69194(86771),69195(86772)	lemma/24363
uediouis	N3B	m	NpC	2	1	0	0	2	0	69209(88168),69208(88167)	lemma/24743
uelia	N1	f	NpA	2	1	0	0	2	0	69241(88262),69240(88261)	lemma/24782
uenetus	N2/1	*	Af-	2	1	0	1	1	0	41809(u0294),69282(88447)	lemma/129782
uenustus	N2/1	*	Af-	2	1	0	1	1	0	41857(u0336),69298(88549)	lemma/129828
uerrinus	N2/1	*	Af-	2	1	0	1	1	0	69344(88789),41959(u0416)	lemma/129917
uerulanus	N2/1	*	Af-	2	1	0	0	2	0	69366(88914),69365(88913)	lemma/24932
uettienus	N2	m	NpB	2	1	0	0	2	0	69420(89130),69419(89129)	lemma/25003
uigilius	N2	m	NpB	2	1	0	0	2	0	69495(89438),69496(89439)	lemma/25078
uiminalis	N3A	*	Af-	2	1	0	1	1	0	69502(89505),42297(u0674)	lemma/130214
uinouia	N1	f	NpA	2	1	0	0	2	0	69541(89647),69540(89646)	lemma/25134
uitodurum	N2	n	NpB	2	1	0	0	2	0	69604(90016),69605(90017)	lemma/25223
uitrodorus	N2	m	NpB	2	1	0	0	2	0	69610(90039),69609(90038)	lemma/25229
ulmanus	N2/1	*	Af-	2	1	0	1	1	0	69638(86831),42586(u0931)	lemma/130495
ulpius	N2/1	*	Af-	2	1	0	0	2	0	69644(86846),69643(86845)	lemma/24397
unelli	N2/1	*	Af-	2	1	0	0	2	0	69678(87074),69679(87075)	lemma/24453
uordenses	N3A	*	Af-	2	1	0	0	2	0	69761(90383),69760(90382)	lemma/25334
urbanicianus	N2/1	*	Af-	2	1	0	1	1	0	69785(87243),42936(u1234)	lemma/130813
urbicus	N2/1	*	Af-	2	1	0	1	1	0	69791(87260),42944(u1241)	lemma/130820
ursicinus	N2	m	NpB	2	1	0	0	2	0	69825(87400),69826(87401)	lemma/24530
xanthus	N2	m	NpB	2	1	0	0	2	0	69905(90519),69906(90520)	lemma/25374
xeno	N3B	m	NpC	2	1	0	0	2	0	69912(90533),69911(90532)	lemma/25382
xenophilus	N2	m	NpB	2	1	0	0	2	0	69918(90544),69919(90545)	lemma/25390
xenophon	N3B	m	NpC	2	1	0	0	2	0	69920(90546),69921(90547)	lemma/25392
xyniae	N1	f	NpA	2	1	0	0	2	0	69939(90598),69938(90597)	lemma/25414
zeno	N3B	m	NpC	2	1	0	0	2	0	69999(90749),69998(90748)	lemma/25482
zephyrius	N2/1	*	Af-	2	1	0	1	1	0	70012(90766),43172(z0017)	lemma/131204
zeuxis	N3B	m	NpC	2	1	0	0	2	0	70025(90800),70026(90801)	lemma/25510
zoilus	N2	m	NpB	2	1	0	0	2	0	70051(90876),70050(90875)	lemma/25539
